Месяц;Год;Дата;День недели;Начало;Конец;Длительность (ч:мм);Сумма, дин.;Автобус;Маршрут
Июль;2025;01.07.2025;Вторник;13:43;22:34;8 часов 51 минута;6195.02;54;311
Июль;2025;02.07.2025;Среда;;;;;54;311
Июль;2025;03.07.2025;Четверг;13:43;22:34;8 часов 51 минута;6195.02;54;311
Июль;2025;04.07.2025;Пятница;13:43;22:34;8 часов 51 минута;6195.02;54;311
Июль;2025;05.07.2025;Суббота;;;;;39;309
Июль;2025;06.07.2025;Воскресенье;11:47;19:14;7 часов 27 минут;5215.01;39;309
Июль;2025;07.07.2025;Понедельник;;;;;54;311
Июль;2025;08.07.2025;Вторник;;;;;54;311
Июль;2025;09.07.2025;Среда;;;;;54;311
Июль;2025;10.07.2025;Четверг;;;;;54;311
Июль;2025;11.07.2025;Пятница;;;;;54;311
Июль;2025;12.07.2025;Суббота;;;;;40;309
Июль;2025;13.07.2025;Воскресенье;;;;;40;309
Июль;2025;14.07.2025;Понедельник;;;;;51;311
Июль;2025;15.07.2025;Вторник;;;;;51;311
Июль;2025;16.07.2025;Среда;;;;;51;311
Июль;2025;17.07.2025;Четверг;;;;;51;311
Июль;2025;18.07.2025;Пятница;;;;;51;311
Июль;2025;19.07.2025;Суббота;;;;;39;309
Июль;2025;20.07.2025;Воскресенье;;;;;39;309
Июль;2025;21.07.2025;Понедельник;;;;;49;311
Июль;2025;22.07.2025;Вторник;15:04;23:19;8 часов 15 минут;5775.02;49;311
Июль;2025;23.07.2025;Среда;17:43;23:43;6 часов;4200.01;49;311
Июль;2025;24.07.2025;Четверг;17:43;23:43;6 часов;4200.01;49;311
Июль;2025;25.07.2025;Пятница;17:43;23:43;6 часов;4200.01;49;311
Июль;2025;26.07.2025;Суббота;;;;;40;309
Июль;2025;27.07.2025;Воскресенье;14:30;22:06;7 часов 36 минут;5320.02;40;309
Июль;2025;28.07.2025;Понедельник;15:12;00:23;9 часов 11 минут;6428.35;54;311
Июль;2025;29.07.2025;Вторник;15:12;00:23;9 часов 11 минут;6428.35;54;311
Июль;2025;30.07.2025;Среда;15:12;00:23;9 часов 11 минут;6428.35;54;311
Июль;2025;31.07.2025;Четверг;15:12;00:23;9 часов 11 минут;6428.35;54;311
Август;2025;01.08.2025;Пятница;15:12;00:23;9 часов 11 минут;6428.35;51;311
Август;2025;02.08.2025;Суббота;;;;;39;309
Август;2025;03.08.2025;Воскресенье;14:30;22:06;7 часов 36 минут;5320.02;39;309
Август;2025;04.08.2025;Понедельник;15:04;23:19;8 часов 15 минут;5775.02;49;311
Август;2025;05.08.2025;Вторник;15:04;23:19;8 часов 15 минут;5775.02;49;311
Август;2025;06.08.2025;Среда;15:04;23:19;8 часов 15 минут;5775.02;49;311
Август;2025;07.08.2025;Четверг;15:04;23:19;8 часов 15 минут;5775.02;49;311
Август;2025;08.08.2025;Пятница;15:04;23:19;8 часов 15 минут;5775.02;49;311
Август;2025;09.08.2025;Суббота;;;;;40;309
Август;2025;10.08.2025;Воскресенье;14:30;22:06;7 часов 36 минут;5320.02;40;309
Август;2025;11.08.2025;Понедельник;12:33;20:16;7 часов 43 минуты;5401.68;51;311
Август;2025;12.08.2025;Вторник;12:33;20:16;7 часов 43 минуты;5401.68;51;311
Август;2025;13.08.2025;Среда;12:33;20:16;7 часов 43 минуты;5401.68;51;311
Август;2025;14.08.2025;Четверг;12:33;20:16;7 часов 43 минуты;5401.68;51;311
Август;2025;15.08.2025;Пятница;12:33;20:16;7 часов 43 минуты;5401.68;51;311
Август;2025;16.08.2025;Суббота;;;;;39;309
Август;2025;17.08.2025;Воскресенье;14:30;22:06;7 часов 36 минут;5320.02;39;309
Август;2025;18.08.2025;Понедельник;12:41;21:07;8 часов 26 минут;5903.35;51;311
Август;2025;19.08.2025;Вторник;12:41;21:07;8 часов 26 минут;5903.35;51;311
Август;2025;20.08.2025;Среда;12:41;21:07;8 часов 26 минут;5903.35;51;311
Август;2025;21.08.2025;Четверг;12:41;21:07;8 часов 26 минут;5903.35;51;311
Август;2025;22.08.2025;Пятница;12:41;21:07;8 часов 26 минут;5903.35;51;311
Август;2025;23.08.2025;Суббота;;;;;39;309
Август;2025;24.08.2025;Воскресенье;;;;;39;309
Август;2025;25.08.2025;Понедельник;;;;;49;311
Август;2025;26.08.2025;Вторник;12:33;20:16;7 часов 43 минуты;5401.68;49;311
Август;2025;27.08.2025;Среда;12:33;20:16;7 часов 43 минуты;5401.68;49;311
Август;2025;28.08.2025;Четверг;12:33;20:16;7 часов 43 минуты;5401.68;49;311
Август;2025;29.08.2025;Пятница;12:33;20:16;7 часов 43 минуты;5401.68;49;311
Август;2025;30.08.2025;Суббота;;;;;39;309
Август;2025;31.08.2025;Воскресенье;14:30;22:06;7 часов 36 минут;5320.02;39;309
Сентябрь;2025;01.09.2025;Понедельник;15:18;22:45;7 часов 27 минут;5215.01;30;309
Сентябрь;2025;02.09.2025;Вторник;15:18;22:45;7 часов 27 минут;5215.01;30;309
Сентябрь;2025;03.09.2025;Среда;15:18;22:45;7 часов 27 минут;5215.01;30;309
Сентябрь;2025;04.09.2025;Четверг;15:18;22:45;7 часов 27 минут;5215.01;30;309
Сентябрь;2025;05.09.2025;Пятница;15:18;22:45;7 часов 27 минут;5215.01;30;309
Сентябрь;2025;06.09.2025;Суббота;;;;;40;309
Сентябрь;2025;07.09.2025;Воскресенье;12:16;19:41;7 часов 25 минут;5191.68;40;309
Сентябрь;2025;08.09.2025;Понедельник;15:18;22:45;7 часов 27 минут;5215.01;30;309
Сентябрь;2025;09.09.2025;Вторник;15:18;22:45;7 часов 27 минут;5215.01;30;309
Сентябрь;2025;10.09.2025;Среда;15:18;22:45;7 часов 27 минут;5215.01;30;309
Сентябрь;2025;11.09.2025;Четверг;15:18;22:45;7 часов 27 минут;5215.01;30;309
Сентябрь;2025;12.09.2025;Пятница;15:18;22:45;7 часов 27 минут;5215.01;30;309
Сентябрь;2025;13.09.2025;Суббота;;;;;39;309
Сентябрь;2025;14.09.2025;Воскресенье;14:05;23:43;9 часов 38 минут;6743.35;39;309
Сентябрь;2025;15.09.2025;Понедельник;15:18;22:45;7 часов 27 минут;5215.01;30;309
Сентябрь;2025;16.09.2025;Вторник;15:18;22:45;7 часов 27 минут;5215.01;30;309
Сентябрь;2025;17.09.2025;Среда;15:18;22:45;7 часов 27 минут;5215.01;30;309
Сентябрь;2025;18.09.2025;Четверг;15:18;22:45;7 часов 27 минут;5215.01;30;309
Сентябрь;2025;19.09.2025;Пятница;15:18;22:45;7 часов 27 минут;5215.01;30;309
Сентябрь;2025;20.09.2025;Суббота;;;;;39;309
Сентябрь;2025;21.09.2025;Воскресенье;;;;;39;309
Сентябрь;2025;22.09.2025;Понедельник;15:18;22:45;7 часов 27 минут;5215.01;30;309
Сентябрь;2025;23.09.2025;Вторник;15:18;22:45;7 часов 27 минут;5215.01;30;309
Сентябрь;2025;24.09.2025;Среда;15:18;22:45;7 часов 27 минут;5215.01;30;309
Сентябрь;2025;25.09.2025;Четверг;15:18;22:45;7 часов 27 минут;5215.01;30;309
Сентябрь;2025;26.09.2025;Пятница;15:18;22:45;7 часов 27 минут;5215.01;30;309
Сентябрь;2025;27.09.2025;Суббота;;;;;39;309
Сентябрь;2025;28.09.2025;Воскресенье;11:49;19:14;7 часов 25 минут;5191.68;39;309
Сентябрь;2025;29.09.2025;Понедельник;18:26;00:37;6 часов 11 минут;4328.35;30;309
Сентябрь;2025;30.09.2025;Вторник;18:26;00:37;6 часов 11 минут;4328.35;30;309
Октябрь;2025;01.10.2025;Среда;18:26;00:37;6 часов 11 минут;4328.35;30;309
Октябрь;2025;02.10.2025;Четверг;18:26;00:37;6 часов 11 минут;4328.35;30;309
Октябрь;2025;03.10.2025;Пятница;18:26;00:37;6 часов 11 минут;4328.35;30;309
Октябрь;2025;04.10.2025;Суббота;;;;;39;309
Октябрь;2025;05.10.2025;Воскресенье;;;;;39;309
Октябрь;2025;06.10.2025;Понедельник;15:18;22:45;7 часов 27 минут;5215.01;30;309
Октябрь;2025;07.10.2025;Вторник;15:18;22:45;7 часов 27 минут;5215.01;30;309
Октябрь;2025;08.10.2025;Среда;15:18;22:45;7 часов 27 минут;5215.01;30;309
Октябрь;2025;09.10.2025;Четверг;15:18;22:45;7 часов 27 минут;5215.01;30;309
Октябрь;2025;10.10.2025;Пятница;15:18;22:45;7 часов 27 минут;5215.01;30;309
Октябрь;2025;11.10.2025;Суббота;;;;;39;309
Октябрь;2025;12.10.2025;Воскресенье;;;;;39;309
Октябрь;2025;13.10.2025;Понедельник;15:18;22:45;7 часов 27 минут;5215.01;30;309
Октябрь;2025;14.10.2025;Вторник;15:18;22:45;7 часов 27 минут;5215.01;30;309
Октябрь;2025;15.10.2025;Среда;15:18;22:45;7 часов 27 минут;5215.01;30;309
Октябрь;2025;16.10.2025;Четверг;15:18;22:45;7 часов 27 минут;5215.01;30;309
Октябрь;2025;17.10.2025;Пятница;15:18;22:45;7 часов 27 минут;5215.01;30;309
Октябрь;2025;18.10.2025;Суббота;;;;;39;309
Октябрь;2025;19.10.2025;Воскресенье;;;;;39;309
Октябрь;2025;20.10.2025;Понедельник;15:18;22:45;7 часов 27 минут;5215.01;30;309
Октябрь;2025;21.10.2025;Вторник;15:18;22:45;7 часов 27 минут;5215.01;30;309
Октябрь;2025;22.10.2025;Среда;15:18;22:45;7 часов 27 минут;5215.01;30;309
Октябрь;2025;23.10.2025;Четверг;15:18;22:45;7 часов 27 минут;5215.01;30;309
Октябрь;2025;24.10.2025;Пятница;15:18;22:45;7 часов 27 минут;5215.01;30;309
Октябрь;2025;25.10.2025;Суббота;;;;;39;309
Октябрь;2025;26.10.2025;Воскресенье;;;;;39;309
Октябрь;2025;27.10.2025;Понедельник;15:18;22:45;7 часов 27 минут;5215.01;30;309
Октябрь;2025;28.10.2025;Вторник;15:18;22:45;7 часов 27 минут;5215.01;30;309
Октябрь;2025;29.10.2025;Среда;15:18;22:45;7 часов 27 минут;5215.01;30;309
Октябрь;2025;30.10.2025;Четверг;15:18;22:45;7 часов 27 минут;5215.01;30;309
Октябрь;2025;31.10.2025;Пятница;11:49;22:45;10 часов 56 минут;7653.36;30;309
Ноябрь;2025;01.11.2025;Суббота;;;;;40;309
Ноябрь;2025;02.11.2025;Воскресенье;;;;;40;309
Ноябрь;2025;03.11.2025;Понедельник;15:18;22:45;7 часов 27 минут;5215.01;30;309
Ноябрь;2025;04.11.2025;Вторник;15:18;22:45;7 часов 27 минут;5215.01;30;309
Ноябрь;2025;05.11.2025;Среда;15:18;22:45;7 часов 27 минут;5215.01;30;309
Ноябрь;2025;06.11.2025;Четверг;15:18;22:45;7 часов 27 минут;5215.01;30;309
Ноябрь;2025;07.11.2025;Пятница;15:18;22:45;7 часов 27 минут;5215.01;30;309
Ноябрь;2025;08.11.2025;Суббота;;;;;40;309
Ноябрь;2025;09.11.2025;Воскресенье;;;;;40;309
Ноябрь;2025;10.11.2025;Понедельник;15:18;22:45;7 часов 27 минут;5215.01;30;309
Ноябрь;2025;11.11.2025;Вторник;;;;;30;309
Ноябрь;2025;12.11.2025;Среда;15:18;22:45;7 часов 27 минут;5215.01;30;309
Ноябрь;2025;13.11.2025;Четверг;15:18;22:45;7 часов 27 минут;5215.01;30;309
Ноябрь;2025;14.11.2025;Пятница;15:18;22:45;7 часов 27 минут;5215.01;30;309
Ноябрь;2025;15.11.2025;Суббота;;;;;40;309
Ноябрь;2025;16.11.2025;Воскресенье;;;;;40;309
Ноябрь;2025;17.11.2025;Понедельник;15:18;22:45;7 часов 27 минут;5215.01;30;309
Ноябрь;2025;18.11.2025;Вторник;15:18;22:45;7 часов 27 минут;5215.01;30;309
Ноябрь;2025;19.11.2025;Среда;15:18;22:45;7 часов 27 минут;5215.01;30;309
Ноябрь;2025;20.11.2025;Четверг;15:18;22:45;7 часов 27 минут;5215.01;30;309
Ноябрь;2025;21.11.2025;Пятница;11:49;22:45;10 часов 56 минут;7653.36;30;309
Ноябрь;2025;22.11.2025;Суббота;;;;;39;309
Ноябрь;2025;23.11.2025;Воскресенье;;;;;39;309
Ноябрь;2025;24.11.2025;Понедельник;15:18;22:45;7 часов 27 минут;5215.01;30;309
Ноябрь;2025;25.11.2025;Вторник;15:18;22:45;7 часов 27 минут;5215.01;30;309
Ноябрь;2025;26.11.2025;Среда;15:18;22:45;7 часов 27 минут;5215.01;30;309
Ноябрь;2025;27.11.2025;Четверг;15:18;22:45;7 часов 27 минут;5215.01;30;309
Ноябрь;2025;28.11.2025;Пятница;15:18;22:45;7 часов 27 минут;5215.01;30;309
Ноябрь;2025;29.11.2025;Суббота;;;;;39;309
Ноябрь;2025;30.11.2025;Воскресенье;;;;;39;309
Декабрь;2025;01.12.2025;Понедельник;15:18;22:45;7 часов 27 минут;5215.01;30;309
Декабрь;2025;02.12.2025;Вторник;15:18;22:45;7 часов 27 минут;5215.01;30;309
Декабрь;2025;03.12.2025;Среда;15:18;22:45;7 часов 27 минут;5215.01;30;309
Декабрь;2025;04.12.2025;Четверг;15:18;22:45;7 часов 27 минут;5215.01;30;309
Декабрь;2025;05.12.2025;Пятница;16:30;22:45;6 часов 15 минут;4375.01;30;309
Декабрь;2025;06.12.2025;Суббота;;;;;39;309
Декабрь;2025;07.12.2025;Воскресенье;;;;;39;309
Декабрь;2025;08.12.2025;Понедельник;;;;;30;309
Декабрь;2025;09.12.2025;Вторник;;;;;30;309
Декабрь;2025;10.12.2025;Среда;;;;;30;309
Декабрь;2025;11.12.2025;Четверг;;;;;30;309
Декабрь;2025;12.12.2025;Пятница;;;;;30;309
Декабрь;2025;13.12.2025;Суббота;;;;;39;309
Декабрь;2025;14.12.2025;Воскресенье;;;;;39;309
Декабрь;2025;15.12.2025;Понедельник;;;;;30;309
Декабрь;2025;16.12.2025;Вторник;;;;;30;309
Декабрь;2025;17.12.2025;Среда;;;;;30;309
Декабрь;2025;18.12.2025;Четверг;;;;;30;309
Декабрь;2025;19.12.2025;Пятница;;;;;30;309
Декабрь;2025;20.12.2025;Суббота;;;;;39;309
Декабрь;2025;21.12.2025;Воскресенье;;;;;39;309
Декабрь;2025;22.12.2025;Понедельник;;;;;30;309
Декабрь;2025;23.12.2025;Вторник;;;;;30;309
Декабрь;2025;24.12.2025;Среда;;;;;30;309
Декабрь;2025;25.12.2025;Четверг;;;;;30;309
Декабрь;2025;26.12.2025;Пятница;;;;;30;309
Декабрь;2025;27.12.2025;Суббота;;;;;39;309
Декабрь;2025;28.12.2025;Воскресенье;;;;;39;309
Декабрь;2025;29.12.2025;Понедельник;;;;;30;309
Декабрь;2025;30.12.2025;Вторник;;;;;30;309
Декабрь;2025;31.12.2025;Среда;;;;;30;309
Июль;2026;01.07.2026;Среда;;;;;;
Июль;2026;02.07.2026;Четверг;;;;;;
Июль;2026;03.07.2026;Пятница;;;;;;
Июль;2026;04.07.2026;Суббота;;;;;;
Июль;2026;05.07.2026;Воскресенье;;;;;;
Июль;2026;06.07.2026;Понедельник;;;;;;
Июль;2026;07.07.2026;Вторник;;;;;;
Июль;2026;08.07.2026;Среда;10:29;18:07;7 часов 38 минут;5343.33;28;309
Июль;2026;09.07.2026;Четверг;10:29;18:07;7 часов 38 минут;5343.33;28;309
Июль;2026;10.07.2026;Пятница;10:29;18:07;7 часов 38 минут;5343.33;28;309
Июль;2026;11.07.2026;Суббота;12:16;19:41;7 часов 25 минут;5191.67;29;309
Июль;2026;12.07.2026;Воскресенье;;;;;;
Июль;2026;13.07.2026;Понедельник;15:20;22:45;7 часов 25 минут;5191.67;30;309
Июль;2026;14.07.2026;Вторник;15:20;22:45;7 часов 25 минут;5191.67;30;309
Июль;2026;15.07.2026;Среда;15:20;22:45;7 часов 25 минут;5191.67;30;309
Июль;2026;16.07.2026;Четверг;15:20;22:45;7 часов 25 минут;5191.67;30;309
Июль;2026;17.07.2026;Пятница;15:20;22:45;7 часов 25 минут;5191.67;30;309
Июль;2026;18.07.2026;Суббота;13:50;21:12;7 часов 22 минуты;5156.67;27;309
Июль;2026;19.07.2026;Воскресенье;;;;;;
Июль;2026;20.07.2026;Понедельник;15:20;22:45;7 часов 25 минут;5191.67;30;309
Июль;2026;21.07.2026;Вторник;15:20;22:45;7 часов 25 минут;5191.67;30;309
Июль;2026;22.07.2026;Среда;15:20;22:45;7 часов 25 минут;5191.67;30;309
Июль;2026;23.07.2026;Четверг;15:20;22:45;7 часов 25 минут;5191.67;30;309
Июль;2026;24.07.2026;Пятница;15:20;22:45;7 часов 25 минут;5191.67;30;309
Июль;2026;25.07.2026;Суббота;13:50;21:12;7 часов 22 минуты;5156.67;35;309
Июль;2026;26.07.2026;Воскресенье;;;;;;
Июль;2026;27.07.2026;Понедельник;15:20;22:45;7 часов 25 минут;5191.67;29;309
Июль;2026;28.07.2026;Вторник;15:20;22:45;7 часов 25 минут;5191.67;29;309
Июль;2026;29.07.2026;Среда;15:20;22:45;7 часов 25 минут;5191.67;29;309
Июль;2026;30.07.2026;Четверг;15:20;22:45;7 часов 25 минут;5191.67;29;309
Июль;2026;31.07.2026;Пятница;15:20;22:45;7 часов 25 минут;5191.67;29;309
Август;2026;01.08.2026;Суббота;12:16;19:41;7 часов 25 минут;5191.67;39;309
Август;2026;02.08.2026;Воскресенье;;;;;;
Август;2026;03.08.2026;Понедельник;13:17;21:41;8 часов 24 минуты;5880;37;309
Август;2026;04.08.2026;Вторник;13:17;21:41;8 часов 24 минуты;5880;37;309
Август;2026;05.08.2026;Среда;13:17;21:41;8 часов 24 минуты;5880;37;309
Август;2026;06.08.2026;Четверг;13:17;21:41;8 часов 24 минуты;5880;37;309
Август;2026;07.08.2026;Пятница;13:17;21:41;8 часов 24 минуты;5880;37;309
Август;2026;08.08.2026;Суббота;12:16;19:41;7 часов 25 минут;5191.67;25;309
Август;2026;09.08.2026;Воскресенье;;;;;;
Август;2026;10.08.2026;Понедельник;15:20;22:45;7 часов 25 минут;5191.67;30;309
Август;2026;11.08.2026;Вторник;15:20;22:45;7 часов 25 минут;5191.67;30;309
Август;2026;12.08.2026;Среда;15:20;22:45;7 часов 25 минут;5191.67;30;309
Август;2026;13.08.2026;Четверг;15:20;22:45;7 часов 25 минут;5191.67;30;309
Август;2026;14.08.2026;Пятница;15:20;22:45;7 часов 25 минут;5191.67;30;309
Август;2026;15.08.2026;Суббота;;;;;;
Август;2026;16.08.2026;Воскресенье;;;;;;
Август;2026;17.08.2026;Понедельник;15:20;22:45;7 часов 25 минут;5191.67;30;309
Август;2026;18.08.2026;Вторник;15:20;22:45;7 часов 25 минут;5191.67;30;309
Август;2026;19.08.2026;Среда;15:20;22:45;7 часов 25 минут;5191.67;30;309
Август;2026;20.08.2026;Четверг;15:20;22:45;7 часов 25 минут;5191.67;30;309
Август;2026;21.08.2026;Пятница;15:20;22:45;7 часов 25 минут;5191.67;30;309
Август;2026;22.08.2026;Суббота;;;;;;
Август;2026;23.08.2026;Воскресенье;;;;;;
Август;2026;24.08.2026;Понедельник;;;;;;
Август;2026;25.08.2026;Вторник;;;;;;
Август;2026;26.08.2026;Среда;;;;;;
Август;2026;27.08.2026;Четверг;;;;;;
Август;2026;28.08.2026;Пятница;;;;;;
Август;2026;29.08.2026;Суббота;;;;;;
Август;2026;30.08.2026;Воскресенье;;;;;;
Август;2026;31.08.2026;Понедельник;;;;;;